prompt_count,average_submission_time,average_completion_time,total_errors,throughput
5,0.3634522151947021,72.80671739578247,0,0.013751360994776913
10,0.008076858520507813,162.67732550144197,0,0.00614851213387772
15,0.008479474385579427,246.95916653633117,0,0.004049279142846229
20,0.013041493892669679,329.7175052475929,0,0.003032946393539745
