prompt_count,average_submission_time,max_submission_time,min_submission_time,average_processing_time,max_processing_time,min_processing_time,average_completion_time,max_completion_time,min_completion_time,total_completion_time,error_rate,throughput
5,0.008687305450439452,0.00909423828125,0.008094072341918945,70.12785773277282,70.13274812698364,70.12329816818237,70.13654503822326,70.1418251991272,70.13139224052429,350.68272519111633,0.0,0.014257902202838997
10,0.0069996356964111325,0.009998798370361328,0.005001544952392578,139.09404203891754,139.1019103527069,139.08645343780518,139.10104167461395,139.1089096069336,139.09145498275757,1391.0104167461395,0.0,0.007189018773412254
15,0.00886689821879069,0.01399993896484375,0.003999948501586914,218.78652989069622,218.79679918289185,218.77071118354797,218.79539678891499,218.8107991218567,218.77671217918396,3281.930951833725,0.0,0.004570480068027938
20,0.010538887977600098,0.018168210983276367,0.006072998046875,300.8901903986931,300.90525555610657,300.8711061477661,300.9007292866707,300.9163496494293,300.87817907333374,6018.014585733414,0.0,0.0033233551888380156
