prompt_count,average_response_time,max_response_time,min_response_time,total_response_time
5,2.0381731033325194,2.0389771461486816,2.0369670391082764,10.190865516662598
10,2.039047193527222,2.0420644283294678,2.0348691940307617,20.390471935272217
15,2.028389406204224,2.0372350215911865,2.0230278968811035,30.425841093063354
20,2.042838490009308,2.0631814002990723,2.0329012870788574,40.85676980018616
