prompt_count,average_submission_time,average_completion_time,total_errors,throughput
5,0.006193418502807617,71.7248752117157,0,0.013958450289891016
10,0.007339072227478029,157.05807493686677,0,0.0063679462661704
15,0.008882919947306315,239.47848127365108,0,0.004175838539314534
20,0.009877254962921144,322.54837213754655,0,0.0031003178505371798
