prompt_count,average_response_time,max_response_time,min_response_time,errors
5,2.0295598983764647,2.0311737060546875,2.0280582904815674,5
10,2.0425913095474244,2.047589063644409,2.033294916152954,10
15,2.0301115036010744,2.0387613773345947,2.022650957107544,15
20,2.036414098739624,2.0443670749664307,2.025742769241333,20
