{"train_loss": 0.016911767423152924, "ssim": -0.17955903708934784, "lpips": 0.8086124062538147, "_timestamp": 1718285464.201984, "_runtime": 395.8930199146271, "_step": 46}