{"train_loss": 0.015657493844628334, "ssim": -0.18996502459049225, "lpips": 0.7952847480773926, "_timestamp": 1718286640.7908974, "_runtime": 40.920475482940674, "_step": 6}