Model,Mean_LPIPS,Mean_SSIM
L1,0.5468416945801841,0.6514139
MSE,0.6324841446346707,0.5184133
SD,0.7069425569640265,0.37544638
SNR,0.6302717440658145,0.52016246
