Model,Mean_LPIPS,Mean_SSIM
L1_6,0.5478044367498822,0.6591265
