Model,Mean_LPIPS,Mean_SSIM
L1_8,0.5612039350801044,0.65253407
