Model,Mean_LPIPS,Mean_SSIM
MSE,0.6351359334256914,0.52031976
SD,0.7057516124513414,0.37611675
SNR,0.6362003054883745,0.51903164
L1,0.5631318698326747,0.65245664
L1_6,0.5478044367498822,0.6591265
L1_8,0.5612039350801044,0.65253407
