{"train_loss": 0.018160318955779076, "ssim": -0.16968411207199097, "lpips": 0.8040392398834229, "_timestamp": 1718286039.2567985, "_runtime": 73.3016505241394, "_step": 8}