{"train_loss": 0.0284669678658247, "_timestamp": 1718286100.468349, "_runtime": 29.534682989120483, "_step": 12}