{"_wandb": {"runtime": 16}, "train_loss": 0.03380735591053963, "ssim": -0.16325445473194122, "lpips": 0.788325309753418, "_timestamp": 1718285796.1747787, "_runtime": 12.786228656768799, "_step": 1}