{"train_loss": 0.019928110763430595, "ssim": -0.16325445845723152, "lpips": 0.788325309753418, "_timestamp": 1718287063.325985, "_runtime": 39.2093288898468, "_step": 5}